{"cameraMode":{"drawMode":0,"name":"Shaded","section":"Shading Mode"},"sceneLighting":false,"audioPlay":false,"sceneViewState":{"showFog":false,"showMaterialUpdate":false,"showSkybox":false,"showFlares":false,"showImageEffects":false,"showParticleSystems":false,"showVisualEffectGraphs":true,"m_FxEnabled":true},"in2DMode":false,"pivot":{"x":-0.1768043339252472,"y":0.6092267036437988,"z":-0.11281566321849823},"rotation":{"x":-0.0007843211642466486,"y":-0.9991956353187561,"z":-0.031484901905059817,"w":0.024883493781089784},"size":1.1160398721694947,"orthographic":true}